{"cameraMode":{"drawMode":0,"name":"Shaded","section":"Shading Mode"},"sceneLighting":true,"audioPlay":false,"sceneViewState":{"showFog":false,"showMaterialUpdate":false,"showSkybox":false,"showFlares":false,"showImageEffects":false,"showParticleSystems":false},"in2DMode":false,"pivot":{"x":-2.39198637008667,"y":-1.0518503189086915,"z":-1.4217472076416016},"rotation":{"x":-0.09756821393966675,"y":0.8735647201538086,"z":-0.1960882693529129,"w":-0.4346555173397064},"size":9.619909286499024,"orthographic":false}